Region_,Cluster_type_,Cluster-Name_,Start_,End_,Genes_total_,Completeness_crude glycerol pH4,Completeness_crude glycerol pH7,Completeness_pure glycerol pH7,Genes_expressed_crude glycerol pH4,Genes_expressed_crude glycerol pH7,Genes_expressed_pure glycerol pH7,Reads_total_crude glycerol pH4,Reads_total_crude glycerol pH7,Reads_total_pure glycerol pH7
contig_2,CDS,"(2E,6E)-farnesyl_diphosphate_synthase",681896,682832,1,100.0%,100.0%,0.0%,1,1,0,1228,14,0
contig_2,CDS,(2Fe-2S)_ferredoxin,680797,681871,1,100.0%,100.0%,0.0%,1,1,0,867,43,0
contig_2,CDS,"1,4-alpha-glucan_branching_enzyme",2488456,2491135,1,100.0%,100.0%,0.0%,1,1,0,132,70,0
contig_2,CDS,2-aminoethylphosphonate_ABC_transporter_permease_subunit,3116292,3117354,1,100.0%,0.0%,0.0%,1,0,0,1,0,0
contig_2,CDS,2-methylisocitrate_lyase,834153,834273,1,100.0%,0.0%,0.0%,1,0,0,8,0,0
contig_2,CDS,"3',5'-cyclic_adenosine_monophosphate_phosphodiesterase_CpdA",1234702,1235551,1,0.0%,100.0%,100.0%,0,1,1,0,9,21
contig_2,CDS,3-oxoacyl-[acyl-carrier-protein]_synthase_3_protein_3,84450,85563,1,100.0%,100.0%,0.0%,1,1,0,20,6,0
contig_2,CDS,4-carboxymuconolactone_decarboxylase,345827,346151,1,100.0%,100.0%,0.0%,1,1,0,55,12,0
contig_2,CDS,50S_ribosomal_protein_L19,4992846,4993128,1,100.0%,100.0%,0.0%,1,1,0,13,11,0
contig_2,CDS,50S_ribosomal_protein_L32,4393671,4393842,1,100.0%,0.0%,100.0%,1,0,1,154,0,3398
contig_2,CDS,50S_ribosomal_protein_bL37,361946,362153,1,100.0%,0.0%,100.0%,1,0,1,16,0,5
contig_2,CDS,ABC_transporter,517564,519301,1,100.0%,0.0%,100.0%,1,0,1,9,0,11
contig_2,CDS,ABC_transporter_ATP-binding_protein,2247370,2248228,1,100.0%,100.0%,0.0%,1,1,0,138,18,0
contig_2,CDS,ABC_transporter_permease,794008,795451,1,100.0%,100.0%,0.0%,1,1,0,13,4,0
contig_2,CDS,ABC_transporter_permease,906361,907234,1,100.0%,100.0%,0.0%,1,1,0,53,15,0
contig_2,CDS,ABC_transporter_permease,3115508,3116306,1,100.0%,100.0%,0.0%,1,1,0,39,21,0
contig_2,CDS,ABC_transporter_permease,4063353,4064028,1,100.0%,100.0%,0.0%,1,1,0,11,5,0
contig_2,CDS,ABC_transporter_permease,4316193,4317126,1,0.0%,100.0%,100.0%,0,1,1,0,41,45
contig_2,CDS,ABC_transporter_permease_subunit,4064024,4064756,1,100.0%,100.0%,0.0%,1,1,0,36,7,0
contig_2,CDS,ABC_transporter_substrate-binding_protein,3233449,3234859,1,100.0%,100.0%,0.0%,1,1,0,383,17,0
contig_2,CDS,ABC_transporter_substrate-binding_protein,4062367,4063357,1,100.0%,0.0%,0.0%,1,0,0,73,0,0
contig_2,CDS,ADP-ribosylglycohydrolase,2285530,2286817,1,100.0%,100.0%,0.0%,1,1,0,40,32,0
contig_2,CDS,ATP-binding_protein,4574431,4574731,1,100.0%,100.0%,0.0%,1,1,0,509,132,0
contig_2,CDS,Acyl-CoA_dehydrogenase,609472,610699,1,100.0%,0.0%,100.0%,1,0,1,20,0,16
contig_2,CDS,Acyl-CoA_dehydrogenase,3625754,3627029,1,100.0%,100.0%,0.0%,1,1,0,10,8,0
contig_2,CDS,Acyl_carrier_protein,724787,725045,1,0.0%,100.0%,100.0%,0,1,1,0,94,96
contig_2,CDS,Acyltransferase,5156533,5157718,1,0.0%,100.0%,100.0%,0,1,1,0,1,27
contig_2,CDS,Adenylate_cyclase,1969071,1970976,1,100.0%,100.0%,0.0%,1,1,0,40,11,0
contig_2,CDS,Aldo/keto_reductase,1837060,1838062,1,100.0%,0.0%,100.0%,1,0,1,29,0,30
contig_2,CDS,Alpha/beta_hydrolase,142935,143778,1,100.0%,100.0%,0.0%,1,1,0,176,14,0
contig_2,CDS,Alpha/beta_hydrolase_fold,2525399,2526251,1,100.0%,100.0%,0.0%,1,1,0,8,4,0
contig_2,CDS,Amidohydrolase,1836170,1837022,1,100.0%,100.0%,0.0%,1,1,0,11,10,0
contig_2,CDS,Amidohydrolase_3_domain-containing_protein,1460327,1461995,1,100.0%,100.0%,0.0%,1,1,0,42,26,0
contig_2,CDS,Amidotransferase,4030002,4030182,1,100.0%,0.0%,100.0%,1,0,1,100,0,18
contig_2,CDS,Antitoxin,1180976,1181177,1,100.0%,100.0%,0.0%,1,1,0,11,4,0
contig_2,CDS,AraC_family_transcriptional_regulator,672819,673167,1,100.0%,0.0%,100.0%,1,0,1,34,0,95
contig_2,CDS,Asp23/Gls24_family_envelope_stress_response_protein,2092824,2093211,1,100.0%,100.0%,0.0%,1,1,0,18,4,0
contig_2,CDS,Asp23/Gls24_family_envelope_stress_response_protein,2093451,2093922,1,100.0%,0.0%,100.0%,1,0,1,45,0,2
contig_2,CDS,Autoinducer_2_import_system_permease_protein_LsrC,1838074,1839106,1,100.0%,0.0%,100.0%,1,0,1,68,0,9
contig_2,CDS,Avidin_family_protein,608655,609072,1,100.0%,0.0%,100.0%,1,0,1,9,0,6
contig_2,CDS,Beta-galactosidase,2262157,2263966,1,0.0%,100.0%,0.0%,0,1,0,0,7,0
contig_2,CDS,Bicarbonate_transport_ATP-binding_protein_CmpD,907223,908039,1,100.0%,100.0%,0.0%,1,1,0,9,7,0
contig_2,CDS,BioF2-like_acetyltransferase_domain-containing_protein,1162563,1163655,1,100.0%,100.0%,0.0%,1,1,0,758,203,0
contig_2,CDS,Biotin-protein_ligase_N-terminal_domain-containing_protein,5108413,5109163,1,100.0%,100.0%,0.0%,1,1,0,31,6,0
contig_2,CDS,Calcium-binding_protein,563613,564009,1,100.0%,100.0%,0.0%,1,1,0,22,4,0
contig_2,CDS,Carbohydrate_kinase,5253508,5254612,1,100.0%,100.0%,0.0%,1,1,0,244,58,0
contig_2,CDS,Carbonic_anhydrase,532428,532959,1,100.0%,100.0%,0.0%,1,1,0,52,47,0
contig_2,CDS,Carbonic_anhydrase,600648,601191,1,0.0%,100.0%,100.0%,0,1,1,0,9,69
contig_2,CDS,Cholesterol_esterase,1252648,1253266,1,100.0%,100.0%,0.0%,1,1,0,96,10,0
contig_2,CDS,Chromosome_partitioning_protein_ParA,5009056,5010481,1,0.0%,100.0%,0.0%,0,1,0,0,9,0
contig_2,CDS,Class_F_sortase,2130642,2131500,1,100.0%,0.0%,0.0%,1,0,0,85,0,0
contig_2,CDS,Cmx/CmrA_family_chloramphenicol_efflux_MFS_transporter,5271571,5272792,1,100.0%,100.0%,0.0%,1,1,0,32,13,0
contig_2,CDS,Colicin_import_membrane_protein,4711991,4712489,1,0.0%,100.0%,100.0%,0,1,1,0,59,54
contig_2,CDS,CsbD_family_protein,153186,153360,1,0.0%,0.0%,100.0%,0,0,1,0,0,48
contig_2,CDS,Cyclohexanecarboxylate-CoA_ligase,3610736,3612302,1,100.0%,100.0%,0.0%,1,1,0,87,59,0
contig_2,CDS,Cyclohexanecarboxylate-CoA_ligase,3645514,3647056,1,0.0%,100.0%,100.0%,0,1,1,0,16,53
contig_2,CDS,Cytochrome_P450,289451,290681,1,100.0%,0.0%,100.0%,1,0,1,56,0,30
contig_2,CDS,Cytochrome_P450,480783,481989,1,100.0%,100.0%,0.0%,1,1,0,12,12,0
contig_2,CDS,Cytochrome_P450,860941,862177,1,100.0%,100.0%,0.0%,1,1,0,42,10,0
contig_2,CDS,Cytochrome_P450,3482986,3484336,1,100.0%,100.0%,0.0%,1,1,0,28,13,0
contig_2,CDS,Cytochrome_c_oxidase_assembly_protein,519297,520560,1,0.0%,100.0%,0.0%,0,1,0,0,3,0
contig_2,CDS,Cytochrome_ubiquinol_oxidase_subunit_I,416123,417545,1,0.0%,100.0%,0.0%,0,1,0,0,9,0
contig_2,CDS,Cytosine_or_purine_or_uracil_or_thiamine_or_allantoin_permease,1462112,1463573,1,100.0%,0.0%,0.0%,1,0,0,60,0,0
contig_2,CDS,D-inositol_3-phosphate_glycosyltransferase,3081108,3082350,1,100.0%,0.0%,100.0%,1,0,1,41,0,16
contig_2,CDS,DNA-binding_protein,4321129,4322167,1,100.0%,0.0%,0.0%,1,0,0,95,0,0
contig_2,CDS,DNA-binding_response_regulator,1864523,1865336,1,100.0%,100.0%,0.0%,1,1,0,44,4,0
contig_2,CDS,DNA-binding_response_regulator,4431902,4432559,1,100.0%,100.0%,0.0%,1,1,0,120,86,0
contig_2,CDS,DNA-directed_RNA_polymerase_specialized_sigma24_family_protein,2457500,2459399,1,100.0%,100.0%,0.0%,1,1,0,50,2,0
contig_2,CDS,"DNA-directed_RNA_polymerase_specialized_sigma_subunit,_sigma24_family",951606,952152,1,100.0%,100.0%,0.0%,1,1,0,35,13,0
contig_2,CDS,DNA_5'-3'_helicase,3981229,3982807,1,100.0%,100.0%,0.0%,1,1,0,26,2,0
contig_2,CDS,DNA_primase/polymerase_bifunctional_N-terminal_domain-containing_protein,2518952,2519909,1,0.0%,100.0%,100.0%,0,1,1,0,42,22
contig_2,CDS,DUF1059_domain-containing_protein,1740722,1740914,1,100.0%,100.0%,0.0%,1,1,0,14,7,0
contig_2,CDS,DUF1275_domain-containing_protein,524561,525299,1,100.0%,100.0%,0.0%,1,1,0,11,18,0
contig_2,CDS,DUF1918_domain-containing_protein,4792615,4792819,1,100.0%,0.0%,0.0%,1,0,0,16,0,0
contig_2,CDS,DUF2637_domain-containing_protein,3983018,3983822,1,0.0%,100.0%,0.0%,0,1,0,0,51,0
contig_2,CDS,DUF2637_domain-containing_protein,4793392,4794304,1,100.0%,0.0%,100.0%,1,0,1,47,0,28
contig_2,CDS,DUF3040_domain-containing_protein,40514,40844,1,100.0%,0.0%,0.0%,1,0,0,6,0,0
contig_2,CDS,DUF3168_domain-containing_protein,5005145,5005553,1,100.0%,0.0%,100.0%,1,0,1,10,0,20
contig_2,CDS,DUF3311_domain-containing_protein,3128562,3128826,1,0.0%,100.0%,100.0%,0,1,1,0,10,8
contig_2,CDS,DUF3344_domain-containing_protein,3077305,3078340,1,100.0%,0.0%,0.0%,1,0,0,5,0,0
contig_2,CDS,DUF3618_domain-containing_protein,5097960,5098338,1,100.0%,100.0%,0.0%,1,1,0,108,71,0
contig_2,CDS,DUF397_domain-containing_protein,4413483,4413708,1,100.0%,100.0%,0.0%,1,1,0,664,9,0
contig_2,CDS,DUF402_domain-containing_protein,41037,41523,1,100.0%,100.0%,0.0%,1,1,0,141,24,0
contig_2,CDS,DUF402_domain-containing_protein,55555,56218,1,100.0%,100.0%,0.0%,1,1,0,95,4,0
contig_2,CDS,DUF418_domain-containing_protein,1050185,1051196,1,100.0%,100.0%,0.0%,1,1,0,6,3,0
contig_2,CDS,DUF4240_domain-containing_protein,2459652,2460171,1,100.0%,0.0%,100.0%,1,0,1,25,0,19
contig_2,CDS,DUF4244_domain-containing_protein,4540855,4541044,1,0.0%,100.0%,0.0%,0,1,0,0,2,0
contig_2,CDS,DUF4386_domain-containing_protein,881443,882154,1,100.0%,0.0%,100.0%,1,0,1,32,0,56
contig_2,CDS,DUF485_domain-containing_protein,3457999,3458320,1,100.0%,100.0%,0.0%,1,1,0,42,17,0
contig_2,CDS,DUF5133_domain-containing_protein,1414290,1414527,1,100.0%,0.0%,100.0%,1,0,1,16,0,15
contig_2,CDS,DUF5988_domain-containing_protein,5099274,5099484,1,100.0%,100.0%,0.0%,1,1,0,66,12,0
contig_2,CDS,DUF6243_domain-containing_protein,2556317,2556500,1,100.0%,100.0%,0.0%,1,1,0,5,36,0
contig_2,CDS,DUF6251_domain-containing_protein,4792221,4792614,1,100.0%,0.0%,100.0%,1,0,1,13,0,12
contig_2,CDS,DUF6271_domain-containing_protein,867108,868440,1,100.0%,100.0%,0.0%,1,1,0,98,8,0
contig_2,CDS,DUF6284_domain-containing_protein,4795230,4795497,1,0.0%,100.0%,0.0%,0,1,0,0,2,0
contig_2,CDS,DUF6300_domain-containing_protein,1426512,1426845,1,100.0%,100.0%,0.0%,1,1,0,10,34,0
contig_2,CDS,DUF6303_domain-containing_protein,2512517,2512805,1,100.0%,0.0%,100.0%,1,0,1,25,0,11
contig_2,CDS,DUF6328_domain-containing_protein,897888,898293,1,100.0%,100.0%,0.0%,1,1,0,27,5,0
contig_2,CDS,DUF6459_domain-containing_protein,3268910,3269654,1,100.0%,100.0%,0.0%,1,1,0,7,2,0
contig_2,CDS,DUF6895_domain-containing_protein,1165583,1166573,1,100.0%,0.0%,0.0%,1,0,0,30,0,0
contig_2,CDS,DUF6895_domain-containing_protein,1166569,1167514,1,100.0%,100.0%,0.0%,1,1,0,19,3,0
contig_2,CDS,DUF998_domain-containing_protein,4854112,4855093,1,100.0%,100.0%,0.0%,1,1,0,101,9,0
contig_2,CDS,Dienelactone_hydrolase,4326188,4326920,1,100.0%,100.0%,0.0%,1,1,0,21,29,0
contig_2,CDS,DoxX-like_family,75418,75781,1,100.0%,100.0%,0.0%,1,1,0,12,10,0
contig_2,CDS,DoxX_family_protein,545417,545885,1,100.0%,100.0%,0.0%,1,1,0,51,1,0
contig_2,CDS,DoxX_family_protein,4437597,4438047,1,100.0%,0.0%,100.0%,1,0,1,10,0,35
contig_2,CDS,EfeO-type_cupredoxin-like_domain-containing_protein,610746,611226,1,100.0%,0.0%,0.0%,1,0,0,11,0,0
contig_2,CDS,Enoyl-CoA_hydratase,3618595,3619387,1,100.0%,100.0%,0.0%,1,1,0,24,25,0
contig_2,CDS,Enoyl-CoA_hydratase,3632918,3633752,1,100.0%,100.0%,0.0%,1,1,0,34,8,0
contig_2,CDS,Exonuclease_SbcC,4437029,4437542,1,100.0%,0.0%,0.0%,1,0,0,25,0,0
contig_2,CDS,Extradiol_ring-cleavage_dioxygenase_LigAB_LigA_subunit_domain-containing_protein,4711752,4711989,1,100.0%,0.0%,0.0%,1,0,0,8,0,0
contig_2,CDS,FAD-binding_molybdopterin_dehydrogenase,1154554,1155397,1,100.0%,100.0%,0.0%,1,1,0,28,1,0
contig_2,CDS,FAD-binding_monooxygenase,462361,463780,1,100.0%,0.0%,100.0%,1,0,1,9,0,17
contig_2,CDS,FAD-dependent_oxidoreductase,3119317,3120439,1,100.0%,100.0%,0.0%,1,1,0,17,17,0
contig_2,CDS,FAD:protein_FMN_transferase,756076,756880,1,100.0%,100.0%,0.0%,1,1,0,28,7,0
contig_2,CDS,FMN-binding_protein,755643,756084,1,100.0%,0.0%,0.0%,1,0,0,16,0,0
contig_2,CDS,Ferredoxin,2603865,2604099,1,100.0%,100.0%,0.0%,1,1,0,60,34,0
contig_2,CDS,Ferric_reductase,754272,755634,1,100.0%,100.0%,0.0%,1,1,0,111,11,0
contig_2,CDS,GNAT_family_acetyltransferase,843641,844928,1,100.0%,100.0%,0.0%,1,1,0,102,3,0
contig_2,CDS,Gamma-glutamyl-gamma-aminobutyrate_hydrolase,1778022,1778733,1,100.0%,100.0%,0.0%,1,1,0,174,110,0
contig_2,CDS,Glycosyl_hydrolase,2708282,2709506,1,100.0%,0.0%,0.0%,1,0,0,7,0,0
contig_2,CDS,Glycosyl_transferase,1373070,1374315,1,100.0%,100.0%,0.0%,1,1,0,10,3,0
contig_2,CDS,Glycosyl_transferase,4355833,4358158,1,100.0%,100.0%,0.0%,1,1,0,167,37,0
contig_2,CDS,Glycosyl_transferase_family_1,3078402,3079584,1,100.0%,0.0%,100.0%,1,0,1,5,0,6
contig_2,CDS,Glycosyltransferase,5163977,5165261,1,0.0%,100.0%,0.0%,0,1,0,0,5,0
contig_2,CDS,GntR_family_transcriptional_regulator,1291619,1292897,1,100.0%,100.0%,0.0%,1,1,0,780,39,0
contig_2,CDS,Gram-positive_cocci_surface_proteins_LPxTG_domain-containing_protein,1158489,1158903,1,100.0%,100.0%,0.0%,1,1,0,31,33,0
contig_2,CDS,HNH_endonuclease,1910299,1910575,1,100.0%,100.0%,0.0%,1,1,0,13,2,0
contig_2,CDS,HNH_endonuclease,4793063,4793396,1,100.0%,0.0%,0.0%,1,0,0,26,0,0
contig_2,CDS,HTH-type_transcriptional_activator_TipA,3503154,3503970,1,100.0%,100.0%,0.0%,1,1,0,83,51,0
contig_2,CDS,HTH_araC/xylS-type_domain-containing_protein,511707,512745,1,100.0%,100.0%,0.0%,1,1,0,12,5,0
contig_2,CDS,HTH_araC/xylS-type_domain-containing_protein,512738,513764,1,100.0%,0.0%,100.0%,1,0,1,22,0,1
contig_2,CDS,Head-to-tail_stopper,5005835,5006159,1,100.0%,100.0%,0.0%,1,1,0,28,4,0
contig_2,CDS,Helix-turn-helix_domain-containing_protein,3980005,3980233,1,100.0%,100.0%,0.0%,1,1,0,81,5,0
contig_2,CDS,Helix-turn-helix_domain-containing_protein,4786568,4786790,1,0.0%,100.0%,0.0%,0,1,0,0,2,0
contig_2,CDS,Heme_exporter_protein_D,32261,33677,1,100.0%,100.0%,0.0%,1,1,0,180,66,0
contig_2,CDS,Hemolysin,2479335,2480157,1,100.0%,100.0%,0.0%,1,1,0,41,31,0
contig_2,CDS,Histidine_kinase/HSP90-like_ATPase_domain-containing_protein,4644654,4645029,1,100.0%,0.0%,100.0%,1,0,1,1,0,9
contig_2,CDS,Holin,4995004,4995256,1,100.0%,0.0%,100.0%,1,0,1,34,0,330
contig_2,CDS,Hydrolase,926262,926553,1,100.0%,0.0%,100.0%,1,0,1,14,0,10
contig_2,CDS,Hydrolase,3730452,3731706,1,100.0%,100.0%,0.0%,1,1,0,41,2,0
contig_2,CDS,Hydrolase,4419783,4421460,1,100.0%,100.0%,0.0%,1,1,0,140,63,0
contig_2,CDS,Hydrophobic_protein,903365,903548,1,100.0%,0.0%,100.0%,1,0,1,128,0,32
contig_2,CDS,IS5_family_transposase,4004377,4004776,1,100.0%,100.0%,0.0%,1,1,0,265,84,0
contig_2,CDS,Insertion_element_IS402-like_domain-containing_protein,117950,118373,1,100.0%,100.0%,0.0%,1,1,0,160,21,0
contig_2,CDS,Integral_membrane_plasmid_transfer_protein,4794778,4795234,1,0.0%,100.0%,0.0%,0,1,0,0,6,0
contig_2,CDS,Integral_membrane_protein,544573,545119,1,100.0%,100.0%,0.0%,1,1,0,127,17,0
contig_2,CDS,Integral_membrane_protein,4058885,4059959,1,100.0%,100.0%,0.0%,1,1,0,3,15,0
contig_2,CDS,Integral_membrane_protein,4434077,4434254,1,100.0%,100.0%,0.0%,1,1,0,55,7,0
contig_2,CDS,Integrase,4981819,4982029,1,100.0%,100.0%,0.0%,1,1,0,5,10,0
contig_2,CDS,Kumamolisin,854965,856405,1,100.0%,100.0%,0.0%,1,1,0,43,21,0
contig_2,CDS,Lantibiotic_dehydratase_N-terminal_domain-containing_protein,242634,245529,1,100.0%,0.0%,100.0%,1,0,1,51,0,37
contig_2,CDS,Leucine-binding_protein_domain-containing_protein,380065,380713,1,100.0%,0.0%,100.0%,1,0,1,103,0,79
contig_2,CDS,Lipase,1949572,1950430,1,100.0%,100.0%,0.0%,1,1,0,253,5,0
contig_2,CDS,Lipid-transfer_protein,4323663,4324830,1,100.0%,100.0%,0.0%,1,1,0,46,41,0
contig_2,CDS,Lipoprotein,554277,555357,1,100.0%,100.0%,0.0%,1,1,0,108,20,0
contig_2,CDS,Lipoprotein,796193,796661,1,100.0%,100.0%,0.0%,1,1,0,48,13,0
contig_2,CDS,Lipoprotein,4736178,4736529,1,100.0%,100.0%,0.0%,1,1,0,46,43,0
contig_2,CDS,Lipoprotein,4953607,4954948,1,100.0%,100.0%,0.0%,1,1,0,89,62,0
contig_2,CDS,Luciferase,1520434,1521595,1,100.0%,0.0%,100.0%,1,0,1,2,0,2
contig_2,CDS,LuxR_family_transcriptional_regulator,2743117,2743483,1,100.0%,100.0%,0.0%,1,1,0,2,1,0
contig_2,CDS,LysM_domain-containing_protein,4996127,4997159,1,100.0%,100.0%,0.0%,1,1,0,50,8,0
contig_2,CDS,LysM_domain-containing_protein,5065597,5065981,1,100.0%,100.0%,0.0%,1,1,0,35,22,0
contig_2,CDS,Lysoplasmalogenase,2079199,2079973,1,100.0%,100.0%,0.0%,1,1,0,23,9,0
contig_2,CDS,LytR_family_transcriptional_regulator,4978501,4978696,1,100.0%,100.0%,0.0%,1,1,0,9,18,0
contig_2,CDS,MFS_transporter,218711,220112,1,0.0%,100.0%,100.0%,0,1,1,0,20,43
contig_2,CDS,MFS_transporter,522761,524522,1,0.0%,100.0%,0.0%,0,1,0,0,25,0
contig_2,CDS,MFS_transporter,550352,551762,1,100.0%,100.0%,0.0%,1,1,0,38,7,0
contig_2,CDS,MFS_transporter,556179,557748,1,100.0%,100.0%,0.0%,1,1,0,12,84,0
contig_2,CDS,MFS_transporter,810022,811465,1,100.0%,100.0%,0.0%,1,1,0,56,19,0
contig_2,CDS,MFS_transporter,864067,865258,1,100.0%,100.0%,0.0%,1,1,0,81,15,0
contig_2,CDS,MFS_transporter,946955,948425,1,100.0%,100.0%,0.0%,1,1,0,439,25,0
contig_2,CDS,MFS_transporter,1265624,1266044,1,100.0%,0.0%,0.0%,1,0,0,310,0,0
contig_2,CDS,MFS_transporter,1434506,1436006,1,100.0%,100.0%,0.0%,1,1,0,17,1,0
contig_2,CDS,Major_facilitator_superfamily_(MFS)_profile_domain-containing_protein,4429160,4430660,1,100.0%,100.0%,0.0%,1,1,0,24,10,0
contig_2,CDS,Major_facilitator_superfamily_protein,1237225,1238542,1,0.0%,100.0%,0.0%,0,1,0,0,12,0
contig_2,CDS,MarR_family_transcriptional_regulator,1723749,1724151,1,100.0%,0.0%,100.0%,1,0,1,18,0,9
contig_2,CDS,MarR_family_transcriptional_regulator,4367577,4368060,1,100.0%,0.0%,0.0%,1,0,0,225,0,0
contig_2,CDS,Mechanosensitive_ion_channel_family_protein,98458,98617,1,0.0%,100.0%,0.0%,0,1,0,0,8,0
contig_2,CDS,Membrane_protein,94009,94981,1,100.0%,100.0%,0.0%,1,1,0,32,14,0
contig_2,CDS,Membrane_protein,247045,248794,1,100.0%,100.0%,0.0%,1,1,0,1538,28,0
contig_2,CDS,Membrane_protein,561904,562534,1,100.0%,100.0%,0.0%,1,1,0,123,12,0
contig_2,CDS,Membrane_protein,882407,882824,1,0.0%,100.0%,100.0%,0,1,1,0,31,26
contig_2,CDS,Membrane_protein,1102074,1102545,1,100.0%,100.0%,0.0%,1,1,0,12,17,0
contig_2,CDS,Membrane_protein,2676751,2678041,1,100.0%,100.0%,0.0%,1,1,0,34,1,0
contig_2,CDS,Membrane_protein,4086164,4087058,1,100.0%,100.0%,0.0%,1,1,0,112,12,0
contig_2,CDS,Membrane_protein,4222152,4222662,1,100.0%,100.0%,0.0%,1,1,0,9,7,0
contig_2,CDS,Membrane_protein,4538901,4539807,1,100.0%,100.0%,0.0%,1,1,0,7,13,0
contig_2,CDS,Membrane_protein,4539820,4540684,1,100.0%,0.0%,0.0%,1,0,0,3,0,0
contig_2,CDS,Membrane_protein_insertase_YidC,3125452,3126373,1,100.0%,100.0%,0.0%,1,1,0,4,19,0
contig_2,CDS,MerR_family_transcriptional_regulator,815459,816146,1,100.0%,100.0%,0.0%,1,1,0,5,11,0
contig_2,CDS,Methyltransferase_type_11,250709,251528,1,100.0%,100.0%,0.0%,1,1,0,131,63,0
contig_2,CDS,Methyltransferase_type_11,4400162,4401194,1,0.0%,100.0%,100.0%,0,1,1,0,8,32
contig_2,CDS,Monooxygenase,3635306,3635939,1,100.0%,100.0%,0.0%,1,1,0,26,28,0
contig_2,CDS,Multidrug_ABC_transporter_ATP-binding_protein,795452,796130,1,0.0%,0.0%,100.0%,0,0,1,0,0,41
contig_2,CDS,N-acetyltransferase,173216,173774,1,100.0%,0.0%,100.0%,1,0,1,32,0,84
contig_2,CDS,N-acetyltransferase,865264,865873,1,100.0%,0.0%,0.0%,1,0,0,23,0,0
contig_2,CDS,N-acetyltransferase,1130394,1130547,1,0.0%,100.0%,100.0%,0,1,1,0,1,10
contig_2,CDS,N-acylneuraminate_cytidylyltransferase,5161667,5162882,1,100.0%,100.0%,0.0%,1,1,0,33,24,0
contig_2,CDS,N-methyl-L-tryptophan_oxidase,935364,936552,1,100.0%,100.0%,0.0%,1,1,0,18,50,0
contig_2,CDS,NADPH:quinone_reductase,482254,483178,1,100.0%,100.0%,0.0%,1,1,0,129,48,0
contig_2,CDS,NUDIX_hydrolase,4981349,4981823,1,100.0%,100.0%,0.0%,1,1,0,65,3,0
contig_2,CDS,Neutral_zinc_metalloprotease,105314,106607,1,100.0%,100.0%,0.0%,1,1,0,3012,7,0
contig_2,CDS,Nitrite_reductase_small_subunit,2760838,2761195,1,100.0%,0.0%,100.0%,1,0,1,18,0,86
contig_2,CDS,Nitroreductase,1269148,1269589,1,0.0%,0.0%,100.0%,0,0,1,0,0,13
contig_2,CDS,Nitroreductase_domain-containing_protein,746605,746941,1,100.0%,0.0%,0.0%,1,0,0,3,0,0
contig_2,CDS,NlpC/P60_domain-containing_protein,340758,341697,1,100.0%,100.0%,0.0%,1,1,0,629,25,0
contig_2,CDS,NlpC/P60_domain-containing_protein,2402380,2403469,1,100.0%,100.0%,0.0%,1,1,0,386,128,0
contig_2,CDS,Nucleic_acid-binding_protein,3629810,3630320,1,100.0%,0.0%,0.0%,1,0,0,23,0,0
contig_2,CDS,Nucleotide-binding_protein,2511725,2512115,1,100.0%,100.0%,0.0%,1,1,0,16,6,0
contig_2,CDS,Nucleotide-diphosphate-sugar_epimerase,1585734,1586511,1,100.0%,100.0%,0.0%,1,1,0,12,9,0
contig_2,CDS,OB-fold_domain-containing_protein,3618086,3618599,1,100.0%,100.0%,0.0%,1,1,0,36,28,0
contig_2,CDS,OmpR/PhoB-type_domain-containing_protein,240830,241034,1,100.0%,0.0%,0.0%,1,0,0,15,0,0
contig_2,CDS,Oxidoreductase,191918,192713,1,100.0%,100.0%,0.0%,1,1,0,50,7,0
contig_2,CDS,Oxidoreductase,840904,843664,1,0.0%,100.0%,100.0%,0,1,1,0,17,40
contig_2,CDS,P22_coat_protein_-_gene_protein_5,2566019,2566733,1,100.0%,0.0%,100.0%,1,0,1,10,0,44
contig_2,CDS,PEP-CTERM_protein-sorting_domain-containing_protein,75241,75379,1,100.0%,100.0%,0.0%,1,1,0,8,6,0
contig_2,CDS,PLAT_domain-containing_protein,1128565,1129081,1,100.0%,0.0%,0.0%,1,0,0,51,0,0
contig_2,CDS,PRL2-16,2514302,2514638,1,0.0%,100.0%,0.0%,0,1,0,0,1,0
contig_2,CDS,Penicillin-binding_protein,1167513,1168551,1,100.0%,100.0%,0.0%,1,1,0,5,9,0
contig_2,CDS,Peptidase_M20_domain-containing_protein_2,4427923,4429123,1,100.0%,100.0%,0.0%,1,1,0,12,42,0
contig_2,CDS,Peptidoglycan_recognition_protein_family_domain-containing_protein,3320238,3321594,1,100.0%,100.0%,0.0%,1,1,0,93,16,0
contig_2,CDS,Phage_capsid_protein,3341077,3341983,1,0.0%,100.0%,100.0%,0,1,1,0,5,15
contig_2,CDS,Phage_protein,4989831,4992264,1,100.0%,100.0%,0.0%,1,1,0,23,21,0
contig_2,CDS,Phage_tail_protein,4997930,4999049,1,0.0%,100.0%,100.0%,0,1,1,0,19,13
contig_2,CDS,Phage_tail_protein,5001014,5003705,1,100.0%,100.0%,0.0%,1,1,0,132,48,0
contig_2,CDS,Phage_tail_protein,5004541,5005126,1,0.0%,100.0%,0.0%,0,1,0,0,7,0
contig_2,CDS,Phospholipase_A2,1593016,1593472,1,100.0%,100.0%,0.0%,1,1,0,97,3,0
contig_2,CDS,Phosphonate_metabolism_transcriptional_regulator_PhnF,4416803,4417604,1,100.0%,100.0%,0.0%,1,1,0,22,34,0
contig_2,CDS,Phosphotyrosine_protein_phosphatase_I_domain-containing_protein,605263,606745,1,100.0%,0.0%,100.0%,1,0,1,127,0,48
contig_2,CDS,Phytanoyl-CoA_dioxygenase,868421,869486,1,100.0%,100.0%,0.0%,1,1,0,52,10,0
contig_2,CDS,Pilus_assembly_protein_PilA,571662,572037,1,0.0%,100.0%,100.0%,0,1,1,0,5,9
contig_2,CDS,Pilus_assembly_protein_PilB,572422,574132,1,100.0%,0.0%,0.0%,1,0,0,9,0,0
contig_2,CDS,Pilus_assembly_protein_PilC,574244,575456,1,100.0%,100.0%,0.0%,1,1,0,94,16,0
contig_2,CDS,Prepilin-type_N-terminal_cleavage/methylation_domain-containing_protein,575883,576408,1,100.0%,100.0%,0.0%,1,1,0,27,8,0
contig_2,CDS,Protein_mbtH,705190,705391,1,100.0%,100.0%,0.0%,1,1,0,14,46,0
contig_2,CDS,Proteinase_inhibitor_I42_chagasin_domain-containing_protein,1079700,1080117,1,100.0%,100.0%,0.0%,1,1,0,230,79,0
contig_2,CDS,"Putative_ABC_transporter,_ATP-binding_protein",3117346,3118564,1,0.0%,100.0%,0.0%,0,1,0,0,21,0
contig_2,CDS,Putative_ABC_transporter_permease_protein,1456362,1457274,1,100.0%,100.0%,0.0%,1,1,0,9,17,0
contig_2,CDS,Putative_acetyltransferase,1972327,1972834,1,100.0%,100.0%,0.0%,1,1,0,39,15,0
contig_2,CDS,Putative_acyl-CoA_dehydrogenase_FadE,614858,615806,1,100.0%,100.0%,0.0%,1,1,0,22,14,0
contig_2,CDS,"Putative_transcriptional_regulator,_GntR_family_protein",1433430,1434177,1,0.0%,100.0%,100.0%,0,1,1,0,12,32
contig_2,CDS,Putative_zinc-finger_domain-containing_protein,1100979,1101234,1,100.0%,100.0%,0.0%,1,1,0,4,3,0
contig_2,CDS,Pyoverdine_biosynthesis_protein_PvcA,546124,547057,1,0.0%,100.0%,0.0%,0,1,0,0,6,0
contig_2,CDS,Pyridoxamine_5'-phosphate_oxidase,1285622,1286141,1,0.0%,100.0%,0.0%,0,1,0,0,1,0
contig_2,CDS,RNA_polymerase_sigma24_factor,4733983,4734883,1,100.0%,100.0%,0.0%,1,1,0,103,20,0
contig_2,CDS,RNA_polymerase_sigma_factor,121611,122136,1,100.0%,0.0%,0.0%,1,0,0,33,0,0
contig_2,CDS,RNA_polymerase_sigma_factor,1101283,1101988,1,100.0%,0.0%,0.0%,1,0,0,35,0,0
contig_2,CDS,Response_regulator,2268351,2269026,1,100.0%,100.0%,0.0%,1,1,0,32,5,0
contig_2,CDS,Response_regulator,4326965,4327688,1,100.0%,100.0%,0.0%,1,1,0,16,6,0
contig_2,CDS,Resuscitation-promoting_factor_RpfB,1989191,1989773,1,100.0%,100.0%,0.0%,1,1,0,15,13,0
contig_2,CDS,Rhomboid_family_intramembrane_serine_protease,4278688,4279411,1,100.0%,100.0%,0.0%,1,1,0,166,33,0
contig_2,CDS,Roadblock/LC7_domain-containing_protein,1974805,1975231,1,100.0%,100.0%,0.0%,1,1,0,1337,717,0
contig_2,CDS,SAM-dependent_methyltransferase,760513,761257,1,100.0%,100.0%,0.0%,1,1,0,15,9,0
contig_2,CDS,SGNH_hydrolase,1372213,1373074,1,100.0%,0.0%,0.0%,1,0,0,2,0,0
contig_2,CDS,SHOCT_domain-containing_protein,1489718,1490036,1,100.0%,100.0%,0.0%,1,1,0,29,20,0
contig_2,CDS,SMP-30/Gluconolactonase/LRE-like_region_domain-containing_protein,1436165,1436573,1,100.0%,100.0%,0.0%,1,1,0,33,10,0
contig_2,CDS,SPW_0924_family_protein,2233691,2233826,1,0.0%,100.0%,0.0%,0,1,0,0,4,0
contig_2,CDS,Scaffolding_protein,5007560,5008058,1,0.0%,100.0%,0.0%,0,1,0,0,2,0
contig_2,CDS,Secreted_protein,98613,98853,1,0.0%,100.0%,0.0%,0,1,0,0,10,0
contig_2,CDS,Secreted_protein,248790,249399,1,100.0%,0.0%,0.0%,1,0,0,54,0,0
contig_2,CDS,Secreted_protein,1143377,1143794,1,0.0%,0.0%,100.0%,0,0,1,0,0,23
contig_2,CDS,Secreted_protein,2706483,2706630,1,100.0%,0.0%,0.0%,1,0,0,4,0,0
contig_2,CDS,Secreted_protein,3330733,3331186,1,100.0%,0.0%,0.0%,1,0,0,8,0,0
contig_2,CDS,Secreted_protein,4001769,4001994,1,100.0%,100.0%,0.0%,1,1,0,12,10,0
contig_2,CDS,Serine/threonine_protein_kinase,3633767,3634400,1,100.0%,100.0%,0.0%,1,1,0,49,29,0
contig_2,CDS,Serine_protease,904112,905183,1,100.0%,100.0%,0.0%,1,1,0,23,5,0
contig_2,CDS,Shikimate_5-dehydrogenase,607030,608659,1,100.0%,0.0%,100.0%,1,0,1,84,0,50
contig_2,CDS,Short-chain_dehydrogenase,408374,409265,1,0.0%,0.0%,100.0%,0,0,1,0,0,30
contig_2,CDS,Siphovirus-type_tail_component_C-terminal_domain-containing_protein,5000116,5001013,1,100.0%,100.0%,0.0%,1,1,0,31,12,0
contig_2,CDS,Site-specific_integrase,4477026,4478304,1,100.0%,100.0%,0.0%,1,1,0,64,30,0
contig_2,CDS,Site-specific_integrase,4813341,4813830,1,100.0%,100.0%,0.0%,1,1,0,7,5,0
contig_2,CDS,Small_hydrophilic_protein,903767,903956,1,100.0%,0.0%,0.0%,1,0,0,9,0,0
contig_2,CDS,Small_hydrophilic_protein,2315176,2315341,1,0.0%,100.0%,100.0%,0,1,1,0,31,30
contig_2,CDS,SpdB,2512801,2513803,1,100.0%,100.0%,0.0%,1,1,0,9,8,0
contig_2,CDS,Sulfatase,2428934,2429240,1,0.0%,100.0%,0.0%,0,1,0,0,6,0
contig_2,CDS,Sulfate_transporter,236991,237363,1,100.0%,0.0%,100.0%,1,0,1,53,0,23
contig_2,CDS,Syndecan_1,5077772,5078594,1,100.0%,100.0%,0.0%,1,1,0,32,3,0
contig_2,CDS,TIGR03086_family_protein,3612414,3613041,1,0.0%,100.0%,100.0%,0,1,1,0,26,9
contig_2,CDS,TPM_domain-containing_protein,4942964,4944176,1,100.0%,100.0%,0.0%,1,1,0,14,12,0
contig_2,CDS,Tc1-like_transposase_DDE_domain-containing_protein,143839,144391,1,100.0%,100.0%,0.0%,1,1,0,17,9,0
contig_2,CDS,Tc1-like_transposase_DDE_domain-containing_protein,178764,179316,1,0.0%,100.0%,100.0%,0,1,1,0,12,32
contig_2,CDS,Terminase_small_subunit,5012178,5012607,1,100.0%,0.0%,0.0%,1,0,0,11,0,0
contig_2,CDS,TetR_family_transcriptional_regulator,168517,168958,1,100.0%,100.0%,0.0%,1,1,0,58,18,0
contig_2,CDS,TetR_family_transcriptional_regulator,856454,857177,1,0.0%,100.0%,100.0%,0,1,1,0,3,38
contig_2,CDS,Thiamine_biosynthesis_protein_ThiS,4758104,4758368,1,100.0%,100.0%,0.0%,1,1,0,58,33,0
contig_2,CDS,Thioesterase,1589164,1589650,1,100.0%,100.0%,0.0%,1,1,0,92,30,0
contig_2,CDS,Thioesterase_domain-containing_protein,389679,390432,1,100.0%,100.0%,0.0%,1,1,0,39,23,0
contig_2,CDS,TniQ_protein,4468506,4468953,1,100.0%,100.0%,0.0%,1,1,0,93,25,0
contig_2,CDS,TraSA:integrase_fusion_protein,109644,110217,1,100.0%,100.0%,0.0%,1,1,0,35,3,0
contig_2,CDS,Transcriptional_regulator,350939,351158,1,100.0%,0.0%,100.0%,1,0,1,84,0,1888
contig_2,CDS,Transcriptional_regulator,2569712,2570072,1,100.0%,100.0%,0.0%,1,1,0,30,2,0
contig_2,CDS,Transferase,3079580,3081008,1,100.0%,100.0%,0.0%,1,1,0,2,5,0
contig_2,CDS,Transglycosylase_SLT_domain-containing_protein,2055934,2056654,1,100.0%,100.0%,0.0%,1,1,0,30,7,0
contig_2,CDS,Transporter,3134668,3135529,1,100.0%,100.0%,0.0%,1,1,0,201,44,0
contig_2,CDS,Transporter,3216500,3217784,1,100.0%,0.0%,100.0%,1,0,1,12,0,21
contig_2,CDS,Transposase,162581,162821,1,100.0%,0.0%,0.0%,1,0,0,28,0,0
contig_2,CDS,Type_A2_lantipeptide,1112517,1112733,1,100.0%,100.0%,0.0%,1,1,0,14,7,0
contig_2,CDS,Type_II_secretion_system_protein,575452,575887,1,100.0%,0.0%,0.0%,1,0,0,9,0,0
contig_2,CDS,Type_VII_secretion_protein,4008850,4009147,1,100.0%,100.0%,0.0%,1,1,0,11,10,0
contig_2,CDS,UPF0166_protein,321639,321990,1,100.0%,0.0%,0.0%,1,0,0,15,0,0
contig_2,CDS,UPF0337_protein,1470251,1470449,1,0.0%,100.0%,0.0%,0,1,0,0,7,0
contig_2,CDS,UmuC_domain-containing_protein,1950646,1951744,1,100.0%,0.0%,0.0%,1,0,0,10,0,0
contig_2,CDS,UspA_domain-containing_protein,1053336,1053858,1,100.0%,100.0%,0.0%,1,1,0,20,3,0
contig_2,CDS,VRR-NUC_domain-containing_protein,4992339,4992735,1,100.0%,100.0%,0.0%,1,1,0,10,13,0
contig_2,CDS,VanZ-like_domain-containing_protein,5205848,5206352,1,100.0%,100.0%,0.0%,1,1,0,90,9,0
contig_2,CDS,Winged_helix-turn-helix_domain-containing_protein,3994129,3994402,1,0.0%,100.0%,0.0%,0,1,0,0,2,0
contig_2,CDS,Winged_helix-turn-helix_domain-containing_protein,4822307,4822580,1,100.0%,100.0%,0.0%,1,1,0,9,1,0
contig_2,CDS,Winged_helix-turn_helix_domain-containing_protein,144387,144882,1,100.0%,0.0%,0.0%,1,0,0,8,0,0
contig_2,CDS,Winged_helix-turn_helix_domain-containing_protein,178273,178768,1,0.0%,100.0%,100.0%,0,1,1,0,4,15
contig_2,CDS,Xylose_isomerase,3015277,3016159,1,100.0%,100.0%,0.0%,1,1,0,30,17,0
contig_2,CDS,Xylose_isomerase-like_TIM_barrel_domain-containing_protein,3019867,3020740,1,100.0%,100.0%,0.0%,1,1,0,80,59,0
contig_2,CDS,YCII-related_domain-containing_protein,475912,476275,1,100.0%,0.0%,100.0%,1,0,1,25,0,14
contig_2,CDS,YCII-related_domain-containing_protein,561261,561615,1,100.0%,100.0%,0.0%,1,1,0,246,18,0
contig_2,CDS,Zinc_finger_CGNR_domain-containing_protein,1385038,1385674,1,100.0%,100.0%,0.0%,1,1,0,13,6,0
contig_2,CDS,adenosine_deaminase,1432148,1433327,1,100.0%,100.0%,0.0%,1,1,0,29,31,0
contig_2,CDS,asparagine_synthase_(glutamine-hydrolyzing),548510,550337,1,100.0%,100.0%,0.0%,1,1,0,44,3,0
contig_2,CDS,chaplin,4573927,4574161,1,100.0%,100.0%,0.0%,1,1,0,277,109,0
contig_2,CDS,ectoine/hydroxyectoine_ABC_transporter_permease_subunit_EhuC,3102208,3102949,1,100.0%,100.0%,0.0%,1,1,0,46,195,0
contig_2,CDS,fluoride_efflux_transporter_CrcB,321268,321643,1,0.0%,100.0%,100.0%,0,1,1,0,35,83
contig_2,CDS,histidine_kinase,334308,335568,1,100.0%,100.0%,0.0%,1,1,0,53,12,0
contig_2,CDS,histidine_kinase,2267197,2268355,1,100.0%,100.0%,0.0%,1,1,0,2,7,0
contig_2,CDS,hypothetical_protein,113725,113848,1,0.0%,100.0%,0.0%,0,1,0,0,12,0
contig_2,CDS,hypothetical_protein,118790,119159,1,0.0%,100.0%,0.0%,0,1,0,0,1,0
contig_2,CDS,hypothetical_protein,134389,134677,1,100.0%,100.0%,0.0%,1,1,0,22,3,0
contig_2,CDS,hypothetical_protein,136805,136907,1,100.0%,0.0%,100.0%,1,0,1,83,0,7
contig_2,CDS,hypothetical_protein,137629,137809,1,100.0%,100.0%,0.0%,1,1,0,212,36,0
contig_2,CDS,hypothetical_protein,172702,172834,1,0.0%,0.0%,100.0%,0,0,1,0,0,36
contig_2,CDS,hypothetical_protein,176887,176989,1,0.0%,100.0%,100.0%,0,1,1,0,10,10
contig_2,CDS,hypothetical_protein,422738,422918,1,0.0%,100.0%,0.0%,0,1,0,0,6,0
contig_2,CDS,hypothetical_protein,557903,558161,1,0.0%,100.0%,100.0%,0,1,1,0,4,24
contig_2,CDS,hypothetical_protein,609068,609476,1,100.0%,100.0%,0.0%,1,1,0,18,15,0
contig_2,CDS,hypothetical_protein,666133,666325,1,100.0%,100.0%,0.0%,1,1,0,17,26,0
contig_2,CDS,hypothetical_protein,798225,798540,1,0.0%,100.0%,100.0%,0,1,1,0,10,12
contig_2,CDS,hypothetical_protein,1075323,1075467,1,100.0%,100.0%,0.0%,1,1,0,8,5,0
contig_2,CDS,hypothetical_protein,1105521,1105797,1,100.0%,100.0%,0.0%,1,1,0,19,1,0
contig_2,CDS,hypothetical_protein,1127943,1128177,1,100.0%,100.0%,0.0%,1,1,0,82,86,0
contig_2,CDS,hypothetical_protein,1164885,1165587,1,0.0%,100.0%,0.0%,0,1,0,0,7,0
contig_2,CDS,hypothetical_protein,1191643,1191946,1,100.0%,100.0%,0.0%,1,1,0,15,25,0
contig_2,CDS,hypothetical_protein,1422627,1422912,1,100.0%,100.0%,0.0%,1,1,0,51,52,0
contig_2,CDS,hypothetical_protein,1616215,1616419,1,100.0%,100.0%,0.0%,1,1,0,19,13,0
contig_2,CDS,hypothetical_protein,1907031,1907139,1,0.0%,100.0%,0.0%,0,1,0,0,6,0
contig_2,CDS,hypothetical_protein,1907253,1907403,1,100.0%,100.0%,0.0%,1,1,0,28,16,0
contig_2,CDS,hypothetical_protein,1908054,1908213,1,100.0%,100.0%,0.0%,1,1,0,11,3,0
contig_2,CDS,hypothetical_protein,1909826,1910288,1,0.0%,0.0%,100.0%,0,0,1,0,0,38
contig_2,CDS,hypothetical_protein,2050746,2050860,1,100.0%,0.0%,0.0%,1,0,0,97,0,0
contig_2,CDS,hypothetical_protein,2295990,2296161,1,100.0%,0.0%,100.0%,1,0,1,12,0,9
contig_2,CDS,hypothetical_protein,2431595,2431709,1,100.0%,0.0%,0.0%,1,0,0,18,0,0
contig_2,CDS,hypothetical_protein,2513799,2514306,1,100.0%,0.0%,0.0%,1,0,0,3,0,0
contig_2,CDS,hypothetical_protein,2514861,2515203,1,0.0%,100.0%,100.0%,0,1,1,0,24,58
contig_2,CDS,hypothetical_protein,2519905,2520241,1,0.0%,100.0%,100.0%,0,1,1,0,3,15
contig_2,CDS,hypothetical_protein,2525268,2525403,1,100.0%,0.0%,0.0%,1,0,0,19,0,0
contig_2,CDS,hypothetical_protein,2563678,2563993,1,100.0%,100.0%,0.0%,1,1,0,38,4,0
contig_2,CDS,hypothetical_protein,2564324,2564828,1,100.0%,100.0%,0.0%,1,1,0,179,2,0
contig_2,CDS,hypothetical_protein,2565672,2565930,1,0.0%,100.0%,100.0%,0,1,1,0,11,41
contig_2,CDS,hypothetical_protein,2625929,2626043,1,100.0%,100.0%,0.0%,1,1,0,46,16,0
contig_2,CDS,hypothetical_protein,2718493,2718664,1,0.0%,100.0%,0.0%,0,1,0,0,8,0
contig_2,CDS,hypothetical_protein,2739674,2739815,1,100.0%,100.0%,0.0%,1,1,0,8,16,0
contig_2,CDS,hypothetical_protein,2845435,2845726,1,100.0%,100.0%,0.0%,1,1,0,22,4,0
contig_2,CDS,hypothetical_protein,2851649,2852450,1,100.0%,100.0%,0.0%,1,1,0,31,53,0
contig_2,CDS,hypothetical_protein,2862230,2862464,1,100.0%,100.0%,0.0%,1,1,0,144,50,0
contig_2,CDS,hypothetical_protein,3050643,3050853,1,100.0%,0.0%,0.0%,1,0,0,2,0,0
contig_2,CDS,hypothetical_protein,3340623,3340962,1,0.0%,100.0%,0.0%,0,1,0,0,15,0
contig_2,CDS,hypothetical_protein,3602861,3603161,1,0.0%,0.0%,100.0%,0,0,1,0,0,22
contig_2,CDS,hypothetical_protein,3603157,3603250,1,0.0%,0.0%,100.0%,0,0,1,0,0,37
contig_2,CDS,hypothetical_protein,3894736,3895141,1,100.0%,100.0%,0.0%,1,1,0,343,39,0
contig_2,CDS,hypothetical_protein,4007660,4008419,1,100.0%,100.0%,0.0%,1,1,0,27,30,0
contig_2,CDS,hypothetical_protein,4344973,4345159,1,100.0%,100.0%,0.0%,1,1,0,57,7,0
contig_2,CDS,hypothetical_protein,4576360,4576888,1,100.0%,100.0%,0.0%,1,1,0,9,1,0
contig_2,CDS,hypothetical_protein,4630491,4631205,1,100.0%,100.0%,0.0%,1,1,0,22,38,0
contig_2,CDS,hypothetical_protein,4716888,4717212,1,100.0%,100.0%,0.0%,1,1,0,195,81,0
contig_2,CDS,hypothetical_protein,4791953,4792142,1,100.0%,0.0%,100.0%,1,0,1,12,0,33
contig_2,CDS,hypothetical_protein,4794300,4794453,1,100.0%,100.0%,0.0%,1,1,0,1,9,0
contig_2,CDS,hypothetical_protein,4794449,4794782,1,0.0%,100.0%,0.0%,0,1,0,0,6,0
contig_2,CDS,hypothetical_protein,4825062,4825410,1,0.0%,100.0%,100.0%,0,1,1,0,5,37
contig_2,CDS,hypothetical_protein,4853158,4853524,1,100.0%,100.0%,0.0%,1,1,0,12,5,0
contig_2,CDS,hypothetical_protein,4982660,4982879,1,0.0%,100.0%,100.0%,0,1,1,0,8,58
contig_2,CDS,hypothetical_protein,4986089,4986869,1,100.0%,0.0%,100.0%,1,0,1,3,0,9
contig_2,CDS,hypothetical_protein,4997229,4997931,1,100.0%,100.0%,0.0%,1,1,0,49,30,0
contig_2,CDS,hypothetical_protein,5003677,5004136,1,100.0%,0.0%,0.0%,1,0,0,13,0,0
contig_2,CDS,hypothetical_protein,5018794,5019736,1,100.0%,100.0%,0.0%,1,1,0,192,61,0
contig_2,CDS,hypothetical_protein,5074285,5074714,1,100.0%,100.0%,0.0%,1,1,0,12,5,0
contig_2,CDS,hypothetical_protein,5303115,5303319,1,100.0%,100.0%,0.0%,1,1,0,24,20,0
contig_2,CDS,isocitrate_lyase,540081,541365,1,100.0%,100.0%,0.0%,1,1,0,31,24,0
contig_2,CDS,mycothiol_transferase,309545,310055,1,100.0%,100.0%,0.0%,1,1,0,105,16,0
contig_2,CDS,nitrile_hydratase_accessory_protein,532078,532432,1,100.0%,100.0%,0.0%,1,1,0,35,13,0
contig_2,CDS,nitrile_hydratase_subunit_alpha,531482,532082,1,100.0%,100.0%,0.0%,1,1,0,11,6,0
contig_2,CDS,nitrile_hydratase_subunit_beta,530814,531486,1,100.0%,0.0%,100.0%,1,0,1,28,0,3
contig_2,CDS,ornithine_decarboxylase,865873,867112,1,100.0%,100.0%,0.0%,1,1,0,26,1,0
contig_2,CDS,putative_5-dehydro-4-deoxyglucarate_dehydratase,2132638,2133619,1,100.0%,100.0%,0.0%,1,1,0,221,101,0
contig_2,CDS,putative_membrane_transporter_protein,669473,670337,1,0.0%,100.0%,0.0%,0,1,0,0,31,0
contig_2,CDS,putative_protein,413516,413678,1,100.0%,0.0%,0.0%,1,0,0,17,0,0
contig_2,CDS,septum_site-determining_protein_Ssd,4536372,4537545,1,100.0%,100.0%,0.0%,1,1,0,32,8,0
contig_2,CDS,tRNA-specific_adenosine_deaminase,839455,840022,1,100.0%,100.0%,0.0%,1,1,0,64,4,0
contig_2,cand_cluster,NAPAA,5094169,5128384,30,96.7%,96.7%,86.7%,29,29,26,77802,88495,147518
contig_2,cand_cluster,NRPS,411945,470217,37,86.5%,86.5%,83.8%,32,32,31,8443,4198,8659
contig_2,cand_cluster,NRPS,677506,725162,35,97.1%,100.0%,91.4%,34,35,32,80415,40562,41432
contig_2,cand_cluster,NRPS-like,159806,202908,41,82.9%,85.4%,85.4%,34,35,35,28006,6014,16077
contig_2,cand_cluster,NRPS-like,686380,728216,29,96.6%,100.0%,96.6%,28,29,28,17409,9984,10387
contig_2,cand_cluster,RiPP-like,1107517,1117733,7,100.0%,100.0%,85.7%,7,7,6,3982,738,680
contig_2,cand_cluster,T1PKS,379039,426437,38,86.8%,86.8%,84.2%,33,33,32,11649,5622,15169
contig_2,cand_cluster,T1PKS,379039,470217,62,87.1%,85.5%,85.5%,54,53,53,18934,9286,22601
contig_2,cand_cluster,T1PKS,749397,797301,34,97.1%,94.1%,82.4%,33,32,28,36695,28465,36069
contig_2,cand_cluster,T1PKS,942090,1051971,36,100.0%,100.0%,91.7%,36,36,33,40460,99445,433433
contig_2,cand_cluster,T2PKS,1150384,1222900,70,97.1%,97.1%,85.7%,68,68,60,43531,40828,85357
contig_2,cand_cluster,lanthipeptide-class-i,231076,256509,26,100.0%,84.6%,84.6%,26,22,22,31094,11325,23448
contig_2,cand_cluster,terpene,671896,694775,21,100.0%,95.2%,90.5%,21,20,19,77115,36473,37548
contig_2,cand_cluster,terpene,671896,728216,43,97.7%,97.7%,93.0%,42,42,40,83141,41100,42430
contig_2,cand_cluster,terpene,4413876,4436174,18,100.0%,100.0%,66.7%,18,18,12,17980,32645,5108
contig_2,cand_cluster,terpene-precursor,51009,72086,19,94.7%,94.7%,89.5%,18,18,17,13967,7351,7866
contig_2,protocluster,NAPAA,5094169,5128384,30,96.7%,96.7%,86.7%,29,29,26,77802,88495,147518
contig_2,protocluster,NRPS,411945,470217,37,86.5%,86.5%,83.8%,32,32,31,8443,4198,8659
contig_2,protocluster,NRPS,677506,725162,35,97.1%,100.0%,91.4%,34,35,32,80415,40562,41432
contig_2,protocluster,NRPS-like,159806,202908,41,82.9%,85.4%,85.4%,34,35,35,28006,6014,16077
contig_2,protocluster,NRPS-like,686380,728216,29,96.6%,100.0%,96.6%,28,29,28,17409,9984,10387
contig_2,protocluster,NRPS-like,755480,797301,31,96.8%,93.5%,83.9%,30,29,26,36002,28434,36019
contig_2,protocluster,RiPP-like,1107517,1117733,7,100.0%,100.0%,85.7%,7,7,6,3982,738,680
contig_2,protocluster,T1PKS,379039,426437,38,86.8%,86.8%,84.2%,33,33,32,11649,5622,15169
contig_2,protocluster,T1PKS,749397,795484,32,100.0%,96.9%,84.4%,32,31,27,36647,28452,36028
contig_2,protocluster,T1PKS,942090,1051971,36,100.0%,100.0%,91.7%,36,36,33,40460,99445,433433
contig_2,protocluster,T2PKS,1150384,1222900,70,97.1%,97.1%,85.7%,68,68,60,43531,40828,85357
contig_2,protocluster,lanthipeptide-class-i,231076,256509,26,100.0%,84.6%,84.6%,26,22,22,31094,11325,23448
contig_2,protocluster,terpene,671896,694775,21,100.0%,95.2%,90.5%,21,20,19,77115,36473,37548
contig_2,protocluster,terpene,4413876,4436174,18,100.0%,100.0%,66.7%,18,18,12,17980,32645,5108
contig_2,protocluster,terpene-precursor,51009,72086,19,94.7%,94.7%,89.5%,18,18,17,13967,7351,7866
contig_2,region,NAPAA,5094169,5128384,30,96.7%,96.7%,86.7%,29,29,26,77802,88495,147518
contig_2,region,NRPS-like,159806,202908,41,82.9%,85.4%,85.4%,34,35,35,28006,6014,16077
contig_2,region,RiPP-like,1107517,1117733,7,100.0%,100.0%,85.7%,7,7,6,3982,738,680
contig_2,region,T1PKS,379039,470217,62,87.1%,85.5%,85.5%,54,53,53,18934,9286,22601
contig_2,region,T1PKS,749397,797301,34,97.1%,94.1%,82.4%,33,32,28,36695,28465,36069
contig_2,region,T1PKS,942090,1051971,36,100.0%,100.0%,91.7%,36,36,33,40460,99445,433433
contig_2,region,T2PKS,1150384,1222900,70,97.1%,97.1%,85.7%,68,68,60,43531,40828,85357
contig_2,region,lanthipeptide-class-i,231076,256509,26,100.0%,84.6%,84.6%,26,22,22,31094,11325,23448
contig_2,region,terpene,671896,728216,43,97.7%,97.7%,93.0%,42,42,40,83141,41100,42430
contig_2,region,terpene,4413876,4436174,18,100.0%,100.0%,66.7%,18,18,12,17980,32645,5108
contig_2,region,terpene-precursor,51009,72086,19,94.7%,94.7%,89.5%,18,18,17,13967,7351,7866
contig_3,CDS,2-keto-4-pentenoate_hydratase,2529913,2530696,1,100.0%,100.0%,0.0%,1,1,0,29,13,0
contig_3,CDS,2-nitropropane_dioxygenase,2523830,2524928,1,100.0%,0.0%,0.0%,1,0,0,8,0,0
contig_3,CDS,"3-hydroxy-9,10-secoandrosta-1,3,5(10)-triene-9,17_-dione_monooxygenase_oxygenase_subunit",2536363,2537533,1,100.0%,100.0%,0.0%,1,1,0,40,14,0
contig_3,CDS,3-oxoacyl-[acyl-carrier_protein]_reductase,2509811,2510564,1,0.0%,100.0%,100.0%,0,1,1,0,8,24
contig_3,CDS,4'-phosphopantetheinyl_transferase_domain-containing_protein,2576037,2576694,1,100.0%,100.0%,0.0%,1,1,0,26,5,0
contig_3,CDS,"4,5:9,10-diseco-3-hydroxy-5,9,17-trioxoandrosta-1_(10),2-diene-4-oate_hydrolase",2537529,2538393,1,100.0%,100.0%,0.0%,1,1,0,18,8,0
contig_3,CDS,AAA+_ATPase_domain-containing_protein,1328563,1329706,1,0.0%,0.0%,100.0%,0,0,1,0,0,1
contig_3,CDS,ABC_transporter_ATP-binding_protein,13925,14960,1,100.0%,100.0%,0.0%,1,1,0,60,25,0
contig_3,CDS,ABC_transporter_ATP-binding_protein,2991063,2992077,1,0.0%,0.0%,100.0%,0,0,1,0,0,12
contig_3,CDS,ABC_transporter_permease,2247574,2248504,1,100.0%,100.0%,0.0%,1,1,0,59,44,0
contig_3,CDS,ABC_transporter_permease,2950558,2951503,1,0.0%,100.0%,100.0%,0,1,1,0,67,24
contig_3,CDS,ABC_transporter_substrate-binding_protein,2993886,2995542,1,100.0%,100.0%,0.0%,1,1,0,22,13,0
contig_3,CDS,ANTAR_domain-containing_protein,1310504,1310960,1,100.0%,100.0%,0.0%,1,1,0,32,46,0
contig_3,CDS,ATP-binding_protein,439558,440272,1,0.0%,100.0%,100.0%,0,1,1,0,22,29
contig_3,CDS,ATP-binding_protein,1342952,1344314,1,0.0%,100.0%,100.0%,0,1,1,0,24,44
contig_3,CDS,ATP-binding_protein,1590400,1590880,1,100.0%,0.0%,100.0%,1,0,1,22,0,109
contig_3,CDS,ATP-binding_protein,2183338,2183767,1,100.0%,0.0%,100.0%,1,0,1,15,0,20
contig_3,CDS,ATP-dependent_DNA_ligase,2462806,2463874,1,100.0%,0.0%,100.0%,1,0,1,29,0,104
contig_3,CDS,Actinorhodin_polyketide_putative_beta-ketoacyl_synthase_2,1655405,1656662,1,100.0%,100.0%,0.0%,1,1,0,113,101,0
contig_3,CDS,Actinorhodin_polyketide_synthase_acyl_carrier_protein,1656658,1656922,1,100.0%,100.0%,0.0%,1,1,0,6,61,0
contig_3,CDS,Acyl-CoA_carboxylase_epsilon_subunit,2456520,2456754,1,0.0%,0.0%,100.0%,0,0,1,0,0,7
contig_3,CDS,Acyl-CoA_dehydrogenase,2573718,2574879,1,100.0%,100.0%,0.0%,1,1,0,11,14,0
contig_3,CDS,Acyl_carrier_protein,2262332,2262566,1,100.0%,100.0%,0.0%,1,1,0,240,88,0
contig_3,CDS,Acyl_carrier_protein,2573467,2573722,1,0.0%,100.0%,0.0%,0,1,0,0,7,0
contig_3,CDS,Alcohol_dehydrogenase,1752363,1752627,1,100.0%,0.0%,0.0%,1,0,0,12,0,0
contig_3,CDS,Allantoin_permease,3029291,3030746,1,100.0%,100.0%,0.0%,1,1,0,55,13,0
contig_3,CDS,BTAD_domain-containing_putative_transcriptional_regulator,2750707,2751769,1,0.0%,0.0%,100.0%,0,0,1,0,0,35
contig_3,CDS,Bacterial_mobilisation_domain-containing_protein,1377025,1377370,1,100.0%,0.0%,0.0%,1,0,0,31,0,0
contig_3,CDS,Branched-chain_amino_acid_ABC_transporter_permease,755687,756461,1,100.0%,100.0%,0.0%,1,1,0,163,43,0
contig_3,CDS,CHAD_domain-containing_protein,1318082,1318679,1,100.0%,100.0%,0.0%,1,1,0,20,5,0
contig_3,CDS,Carboxylase,2558864,2560121,1,100.0%,0.0%,0.0%,1,0,0,34,0,0
contig_3,CDS,Carboxylase,2564724,2567151,1,100.0%,100.0%,0.0%,1,1,0,3,10,0
contig_3,CDS,Carrier_domain-containing_protein,2572307,2573441,1,100.0%,100.0%,0.0%,1,1,0,35,11,0
contig_3,CDS,Cell_surface_glycoprotein,1380412,1381123,1,0.0%,100.0%,0.0%,0,1,0,0,1,0
contig_3,CDS,Chitinase,2158028,2158544,1,100.0%,100.0%,0.0%,1,1,0,165,20,0
contig_3,CDS,CoA_transferase,1276299,1276638,1,0.0%,100.0%,100.0%,0,1,1,0,2,17
contig_3,CDS,Coenzyme_A_transferase,2524924,2525653,1,0.0%,100.0%,0.0%,0,1,0,0,7,0
contig_3,CDS,Coenzyme_A_transferase,2525649,2526489,1,100.0%,100.0%,0.0%,1,1,0,16,15,0
contig_3,CDS,Cupin_type-2_domain-containing_protein,2166802,2167327,1,100.0%,100.0%,0.0%,1,1,0,20,34,0
contig_3,CDS,Cyclase,1653811,1654141,1,100.0%,100.0%,0.0%,1,1,0,47,61,0
contig_3,CDS,DDE_transposase,1296371,1296563,1,0.0%,100.0%,100.0%,0,1,1,0,14,23
contig_3,CDS,DNA-binding_protein,1381119,1382049,1,0.0%,100.0%,100.0%,0,1,1,0,6,16
contig_3,CDS,DNA_(cytosine-5-)-methyltransferase,1308261,1309410,1,100.0%,100.0%,0.0%,1,1,0,9,8,0
contig_3,CDS,DRTGG_domain-containing_protein,1587156,1587930,1,100.0%,100.0%,0.0%,1,1,0,31,37,0
contig_3,CDS,DUF1023_domain-containing_protein,2251320,2252340,1,100.0%,0.0%,100.0%,1,0,1,15,0,27
contig_3,CDS,DUF1365_domain-containing_protein,2107321,2108089,1,100.0%,100.0%,0.0%,1,1,0,56,15,0
contig_3,CDS,DUF1918_domain-containing_protein,2836758,2836986,1,100.0%,0.0%,0.0%,1,0,0,14,0,0
contig_3,CDS,DUF2185_domain-containing_protein,1325542,1325971,1,0.0%,100.0%,0.0%,0,1,0,0,7,0
contig_3,CDS,DUF222_domain-containing_protein,1314084,1314867,1,100.0%,0.0%,100.0%,1,0,1,8,0,23
contig_3,CDS,DUF222_domain-containing_protein,1349033,1349726,1,0.0%,100.0%,0.0%,0,1,0,0,6,0
contig_3,CDS,DUF222_domain-containing_protein,1351043,1351508,1,0.0%,100.0%,0.0%,0,1,0,0,7,0
contig_3,CDS,DUF317_domain-containing_protein,1317309,1318080,1,100.0%,0.0%,0.0%,1,0,0,27,0,0
contig_3,CDS,DUF317_domain-containing_protein,1356368,1357208,1,100.0%,0.0%,100.0%,1,0,1,76,0,15
contig_3,CDS,DUF317_domain-containing_protein,1373173,1373770,1,100.0%,100.0%,0.0%,1,1,0,98,58,0
contig_3,CDS,DUF4913_domain-containing_protein,1347878,1348538,1,100.0%,100.0%,0.0%,1,1,0,17,14,0
contig_3,CDS,DUF4942_domain-containing_protein,1335920,1336427,1,100.0%,100.0%,0.0%,1,1,0,9,7,0
contig_3,CDS,DUF6114_domain-containing_protein,2211648,2212707,1,100.0%,100.0%,0.0%,1,1,0,191,15,0
contig_3,CDS,DUF6214_domain-containing_protein,2123222,2124029,1,100.0%,100.0%,0.0%,1,1,0,7,2,0
contig_3,CDS,DUF6415_domain-containing_protein,1400188,1400578,1,100.0%,100.0%,0.0%,1,1,0,89,10,0
contig_3,CDS,DUF6893_domain-containing_protein,2442002,2442104,1,100.0%,0.0%,0.0%,1,0,0,2,0,0
contig_3,CDS,DUF742_domain-containing_protein,1886180,1886585,1,100.0%,100.0%,0.0%,1,1,0,572,319,0
contig_3,CDS,DUF998_domain-containing_protein,2986265,2987003,1,100.0%,100.0%,0.0%,1,1,0,13,3,0
contig_3,CDS,Dehydrogenase_(DH)_domain-containing_protein,1357232,1357724,1,100.0%,100.0%,0.0%,1,1,0,25,13,0
contig_3,CDS,Deoxyribodipyrimidine_photo-lyase,2976446,2977952,1,100.0%,100.0%,0.0%,1,1,0,145,38,0
contig_3,CDS,Diaminobutyrate--2-oxoglutarate_transaminase_family_protein,794966,796361,1,100.0%,100.0%,0.0%,1,1,0,11516,812,0
contig_3,CDS,ESX_secretion-associated_protein_EspG,1323784,1324549,1,0.0%,100.0%,100.0%,0,1,1,0,24,23
contig_3,CDS,Enamine/imine_deaminase,2731557,2731968,1,100.0%,100.0%,0.0%,1,1,0,9,5,0
contig_3,CDS,Enamine_deaminase_RidA,634419,634842,1,100.0%,100.0%,0.0%,1,1,0,92,95,0
contig_3,CDS,Extensin,1556100,1556976,1,100.0%,100.0%,0.0%,1,1,0,12,5,0
contig_3,CDS,FAD-dependent_oxidoreductase,2334701,2335904,1,100.0%,100.0%,0.0%,1,1,0,59,13,0
contig_3,CDS,FCD_domain-containing_protein,1351922,1352381,1,100.0%,100.0%,0.0%,1,1,0,34,1,0
contig_3,CDS,FUSC_family_protein,2111228,2112812,1,100.0%,100.0%,0.0%,1,1,0,10,7,0
contig_3,CDS,Ferredoxin,2533854,2534139,1,100.0%,0.0%,0.0%,1,0,0,10,0,0
contig_3,CDS,Ferredoxin,2771805,2772033,1,100.0%,0.0%,0.0%,1,0,0,3,0,0
contig_3,CDS,Ferredoxin,3012025,3013024,1,100.0%,100.0%,0.0%,1,1,0,51,46,0
contig_3,CDS,Flp_family_type_IVb_pilin,1583777,1583972,1,100.0%,0.0%,0.0%,1,0,0,9,0,0
contig_3,CDS,"GDP-mannose_4,6-dehydratase",3044083,3045118,1,100.0%,100.0%,0.0%,1,1,0,154,47,0
contig_3,CDS,Gliding_motility_protein,784301,784763,1,0.0%,100.0%,0.0%,0,1,0,0,19,0
contig_3,CDS,Glycosyl_hydrolase,1349751,1350477,1,100.0%,100.0%,0.0%,1,1,0,11,20,0
contig_3,CDS,HNH_endonuclease,2438697,2439345,1,100.0%,100.0%,0.0%,1,1,0,29,5,0
contig_3,CDS,His/Glu/Gln/Arg/opine_family_amino_acid_ABC_transporter_C_permease,2017816,2018608,1,100.0%,100.0%,0.0%,1,1,0,291,14,0
contig_3,CDS,Hydrogenase_assembly_protein_HypC,2445941,2446241,1,100.0%,0.0%,0.0%,1,0,0,59,0,0
contig_3,CDS,Hydrogenase_maturation_factor_HypA,2442253,2442634,1,100.0%,100.0%,0.0%,1,1,0,8,3,0
contig_3,CDS,IS5_family_transposase,1254960,1255470,1,100.0%,100.0%,0.0%,1,1,0,195,17,0
contig_3,CDS,IclR_family_transcriptional_regulator,2535271,2536147,1,100.0%,100.0%,0.0%,1,1,0,9,7,0
contig_3,CDS,Integral_membrane_protein,1345026,1345254,1,0.0%,100.0%,0.0%,0,1,0,0,4,0
contig_3,CDS,Integrase,1222828,1223059,1,100.0%,100.0%,0.0%,1,1,0,521,174,0
contig_3,CDS,Integrase,1360260,1361526,1,100.0%,100.0%,0.0%,1,1,0,83,12,0
contig_3,CDS,Intracellular_septation_protein_A,455855,456575,1,100.0%,100.0%,0.0%,1,1,0,396,86,0
contig_3,CDS,Iron_ABC_transporter,2645268,2645652,1,100.0%,100.0%,0.0%,1,1,0,22,14,0
contig_3,CDS,K(+)-transporting_ATPase_subunit_F,867127,867217,1,0.0%,100.0%,100.0%,0,1,1,0,15,100
contig_3,CDS,Ketoreductase,1471882,1472731,1,100.0%,100.0%,0.0%,1,1,0,161,23,0
contig_3,CDS,Kinase,2720236,2721220,1,100.0%,100.0%,0.0%,1,1,0,26,8,0
contig_3,CDS,Lipoprotein,1641289,1641787,1,100.0%,0.0%,0.0%,1,0,0,6,0,0
contig_3,CDS,Lipoprotein,1944571,1945762,1,0.0%,100.0%,0.0%,0,1,0,0,6,0
contig_3,CDS,Lipoprotein,2953809,2954739,1,0.0%,100.0%,100.0%,0,1,1,0,18,38
contig_3,CDS,"Lysine_2,3-aminomutase",2568871,2570212,1,0.0%,100.0%,0.0%,0,1,0,0,4,0
contig_3,CDS,Lytic_transglycosylase,2257428,2258088,1,100.0%,100.0%,0.0%,1,1,0,71,22,0
contig_3,CDS,MBL_fold_hydrolase,1758608,1759499,1,100.0%,100.0%,0.0%,1,1,0,1569,65,0
contig_3,CDS,MFS_transporter,1661156,1662446,1,100.0%,100.0%,0.0%,1,1,0,135,66,0
contig_3,CDS,MFS_transporter,1901343,1902654,1,100.0%,0.0%,100.0%,1,0,1,40,0,2
contig_3,CDS,MFS_transporter,2456838,2458242,1,100.0%,100.0%,0.0%,1,1,0,23,4,0
contig_3,CDS,MFS_transporter,2547164,2548517,1,100.0%,0.0%,100.0%,1,0,1,14,0,25
contig_3,CDS,MFS_transporter,2560156,2561395,1,0.0%,100.0%,0.0%,0,1,0,0,1,0
contig_3,CDS,Magnesium_chelatase,604109,604301,1,0.0%,100.0%,0.0%,0,1,0,0,7,0
contig_3,CDS,Maleylpyruvate_isomerase,2571573,2572287,1,0.0%,100.0%,100.0%,0,1,1,0,16,7
contig_3,CDS,MarR_family_transcriptional_regulator,1754049,1754625,1,100.0%,100.0%,0.0%,1,1,0,112,13,0
contig_3,CDS,MarR_family_transcriptional_regulator,2940225,2940663,1,100.0%,100.0%,0.0%,1,1,0,82,24,0
contig_3,CDS,Membrane_protein,1378168,1379641,1,0.0%,100.0%,0.0%,0,1,0,0,3,0
contig_3,CDS,Membrane_protein,1583367,1583775,1,100.0%,100.0%,0.0%,1,1,0,153,28,0
contig_3,CDS,Membrane_protein,2230501,2231188,1,100.0%,100.0%,0.0%,1,1,0,85,23,0
contig_3,CDS,Membrane_protein,2769832,2770510,1,100.0%,100.0%,0.0%,1,1,0,17,2,0
contig_3,CDS,MerR_family_transcriptional_regulator,1472813,1473182,1,100.0%,100.0%,0.0%,1,1,0,72,28,0
contig_3,CDS,Metal-dependent_phosphohydrolase,138141,139380,1,100.0%,100.0%,0.0%,1,1,0,380,43,0
contig_3,CDS,Methyltransferase,1347004,1347802,1,100.0%,100.0%,0.0%,1,1,0,11,21,0
contig_3,CDS,MobA-like_NTP_transferase_domain-containing_protein,1222116,1222758,1,100.0%,100.0%,0.0%,1,1,0,153,86,0
contig_3,CDS,Mobilization_protein,1375283,1377011,1,100.0%,0.0%,100.0%,1,0,1,4,0,36
contig_3,CDS,Molybdopterin_dehydrogenase,1114077,1115100,1,100.0%,100.0%,0.0%,1,1,0,99,21,0
contig_3,CDS,Monooxygenase,1652309,1653788,1,100.0%,100.0%,0.0%,1,1,0,54,168,0
contig_3,CDS,Multidrug_efflux_pump_Tap,1353746,1354985,1,100.0%,100.0%,0.0%,1,1,0,24,15,0
contig_3,CDS,N-acetyltransferase,1700800,1701196,1,100.0%,100.0%,0.0%,1,1,0,63,27,0
contig_3,CDS,N-acetyltransferase,2766979,2767618,1,100.0%,0.0%,100.0%,1,0,1,19,0,35
contig_3,CDS,NAD-dependent_epimerase,1668138,1668891,1,100.0%,100.0%,0.0%,1,1,0,115,35,0
contig_3,CDS,Nitrate_ABC_transporter_permease,122806,123679,1,100.0%,100.0%,0.0%,1,1,0,86,21,0
contig_3,CDS,NlpC/P60_domain-containing_protein,1345445,1346573,1,100.0%,0.0%,100.0%,1,0,1,23,0,79
contig_3,CDS,NysH,3042027,3043860,1,100.0%,100.0%,0.0%,1,1,0,15,6,0
contig_3,CDS,Oxidoreductase,1527651,1528593,1,100.0%,0.0%,100.0%,1,0,1,27,0,5
contig_3,CDS,Oxidoreductase,2126016,2126367,1,100.0%,100.0%,0.0%,1,1,0,12,7,0
contig_3,CDS,PPM-type_phosphatase_domain-containing_protein,2595708,2596899,1,100.0%,100.0%,0.0%,1,1,0,37,4,0
contig_3,CDS,Penicillin-binding_protein,226598,228053,1,100.0%,100.0%,0.0%,1,1,0,44,13,0
contig_3,CDS,PepSY_domain-containing_protein,2197319,2197502,1,100.0%,0.0%,0.0%,1,0,0,58,0,0
contig_3,CDS,Peptidase_M52,2441427,2442009,1,100.0%,0.0%,100.0%,1,0,1,15,0,2
contig_3,CDS,Peptide_ABC_transporter_permease_protein,2949562,2950546,1,100.0%,100.0%,0.0%,1,1,0,19,28,0
contig_3,CDS,Phosphoadenosine_phosphosulphate_reductase_domain-containing_protein,1309529,1310399,1,0.0%,100.0%,100.0%,0,1,1,0,5,12
contig_3,CDS,Porphyromonas-type_peptidyl-arginine_deiminase,2989050,2990211,1,0.0%,100.0%,100.0%,0,1,1,0,22,1
contig_3,CDS,Prealbumin-like_fold_domain-containing_protein,1357969,1358992,1,100.0%,0.0%,100.0%,1,0,1,43,0,59
contig_3,CDS,Proline_dehydrogenase,3023143,3023518,1,100.0%,0.0%,0.0%,1,0,0,6,0,0
contig_3,CDS,Putative_agmatine_deiminase,2995641,2996652,1,100.0%,0.0%,100.0%,1,0,1,1,0,15
contig_3,CDS,Putative_lipase/esterase,2508816,2509815,1,0.0%,100.0%,0.0%,0,1,0,0,1,0
contig_3,CDS,Putative_oligopeptide_ABC_transporter_integral_membrane_protein,2992076,2992934,1,0.0%,100.0%,0.0%,0,1,0,0,6,0
contig_3,CDS,Putative_oxidoreductase,2534131,2535181,1,100.0%,100.0%,0.0%,1,1,0,45,10,0
contig_3,CDS,Putative_short-chain_dehydrogenase/reductase,2528135,2529044,1,100.0%,100.0%,0.0%,1,1,0,16,27,0
contig_3,CDS,RNA_polymerase_sigma_factor_70_region_4_type_2_domain-containing_protein,1299900,1300401,1,100.0%,100.0%,0.0%,1,1,0,1276,157,0
contig_3,CDS,RdlA_protein,1193054,1193558,1,100.0%,100.0%,0.0%,1,1,0,38,6,0
contig_3,CDS,Replication-relaxation,1554173,1555166,1,100.0%,100.0%,0.0%,1,1,0,12,78,0
contig_3,CDS,SDR_family_oxidoreductase,2520223,2521006,1,0.0%,100.0%,100.0%,0,1,1,0,13,31
contig_3,CDS,SH3b_domain-containing_protein,1350626,1350974,1,100.0%,100.0%,0.0%,1,1,0,11,10,0
contig_3,CDS,Secreted_protein,1186692,1186983,1,0.0%,100.0%,100.0%,0,1,1,0,12,24
contig_3,CDS,Secreted_protein,1187307,1187655,1,100.0%,100.0%,0.0%,1,1,0,58,103,0
contig_3,CDS,Serine/threonine_protein_kinase,2656852,2657725,1,100.0%,100.0%,0.0%,1,1,0,15,7,0
contig_3,CDS,Sigma-70_family_RNA_polymerase_sigma_factor,1545389,1546193,1,0.0%,100.0%,0.0%,0,1,0,0,7,0
contig_3,CDS,Tn3_family_transposase,1335139,1335589,1,100.0%,0.0%,0.0%,1,0,0,10,0,0
contig_3,CDS,Tn3_transposase_DDE_domain-containing_protein,1601796,1602135,1,100.0%,100.0%,0.0%,1,1,0,266,63,0
contig_3,CDS,Transcriptional_regulator,1267245,1267416,1,100.0%,100.0%,0.0%,1,1,0,10,12,0
contig_3,CDS,Transcriptional_regulator,1956658,1957708,1,100.0%,100.0%,0.0%,1,1,0,112,9,0
contig_3,CDS,Transcriptional_regulator,2458318,2459122,1,100.0%,100.0%,0.0%,1,1,0,34,5,0
contig_3,CDS,Transcriptional_regulator,2864170,2864476,1,100.0%,0.0%,0.0%,1,0,0,105,0,0
contig_3,CDS,Transposase,1255466,1255808,1,0.0%,100.0%,0.0%,0,1,0,0,16,0
contig_3,CDS,Transposase,1406186,1406513,1,100.0%,100.0%,0.0%,1,1,0,47,217,0
contig_3,CDS,Transposase,2198233,2198536,1,100.0%,100.0%,0.0%,1,1,0,96,37,0
contig_3,CDS,TrbC/VIRB2_family_protein,1546544,1546925,1,100.0%,0.0%,0.0%,1,0,0,5,0,0
contig_3,CDS,Type-5_uracil-DNA_glycosylase,2555851,2556625,1,100.0%,0.0%,0.0%,1,0,0,3,0,0
contig_3,CDS,Type_III_effector_protein,1314932,1315418,1,0.0%,100.0%,100.0%,0,1,1,0,35,32
contig_3,CDS,Type_II_secretion_system_protein,1584012,1584759,1,100.0%,100.0%,0.0%,1,1,0,159,55,0
contig_3,CDS,Vegetative_cell_wall_protein,1259446,1260607,1,100.0%,100.0%,0.0%,1,1,0,31,24,0
contig_3,CDS,Zinc-finger_domain-containing_protein,2697020,2697770,1,100.0%,100.0%,0.0%,1,1,0,162,56,0
contig_3,CDS,adenine_phosphoribosyltransferase,2741600,2742185,1,100.0%,100.0%,0.0%,1,1,0,1,24,0
contig_3,CDS,carbamoyltransferase_HypF,2443393,2445898,1,100.0%,100.0%,0.0%,1,1,0,96,3,0
contig_3,CDS,dCTP_deaminase,1741201,1741732,1,100.0%,100.0%,0.0%,1,1,0,1992,2822,0
contig_3,CDS,"dTDP-4-dehydrorhamnose_3,5-epimerase",1679598,1680240,1,100.0%,100.0%,0.0%,1,1,0,68,92,0
contig_3,CDS,enoyl-CoA_hydratase_family_protein,2526485,2527265,1,0.0%,100.0%,0.0%,0,1,0,0,4,0
contig_3,CDS,glucose-1-phosphate_thymidylyltransferase_RfbA,1680236,1681154,1,100.0%,100.0%,0.0%,1,1,0,396,163,0
contig_3,CDS,hypothetical_protein,81205,81403,1,100.0%,100.0%,0.0%,1,1,0,14,3,0
contig_3,CDS,hypothetical_protein,432246,432543,1,100.0%,0.0%,0.0%,1,0,0,831,0,0
contig_3,CDS,hypothetical_protein,701023,701167,1,0.0%,100.0%,100.0%,0,1,1,0,31,56
contig_3,CDS,hypothetical_protein,1256028,1256322,1,100.0%,100.0%,0.0%,1,1,0,8,21,0
contig_3,CDS,hypothetical_protein,1303137,1303398,1,100.0%,100.0%,0.0%,1,1,0,159,9,0
contig_3,CDS,hypothetical_protein,1318807,1319071,1,0.0%,100.0%,100.0%,0,1,1,0,6,43
contig_3,CDS,hypothetical_protein,1326070,1326625,1,100.0%,0.0%,100.0%,1,0,1,29,0,23
contig_3,CDS,hypothetical_protein,1384637,1385141,1,100.0%,100.0%,0.0%,1,1,0,4,13,0
contig_3,CDS,hypothetical_protein,1542778,1543030,1,100.0%,100.0%,0.0%,1,1,0,39,3,0
contig_3,CDS,hypothetical_protein,1591682,1592084,1,100.0%,100.0%,0.0%,1,1,0,657,133,0
contig_3,CDS,hypothetical_protein,1597751,1597919,1,100.0%,100.0%,0.0%,1,1,0,143,18,0
contig_3,CDS,hypothetical_protein,1637132,1637312,1,0.0%,100.0%,0.0%,0,1,0,0,2,0
contig_3,CDS,hypothetical_protein,2182791,2183208,1,100.0%,0.0%,0.0%,1,0,0,5,0,0
contig_3,CDS,hypothetical_protein,2185983,2186313,1,100.0%,0.0%,100.0%,1,0,1,12,0,24
contig_3,CDS,hypothetical_protein,2308069,2308279,1,0.0%,100.0%,0.0%,0,1,0,0,2,0
contig_3,CDS,hypothetical_protein,2339547,2339736,1,100.0%,100.0%,0.0%,1,1,0,17,2,0
contig_3,CDS,hypothetical_protein,2357937,2358108,1,100.0%,0.0%,100.0%,1,0,1,1382,0,20
contig_3,CDS,hypothetical_protein,2368268,2368532,1,100.0%,0.0%,0.0%,1,0,0,13,0,0
contig_3,CDS,hypothetical_protein,2378618,2378846,1,100.0%,0.0%,0.0%,1,0,0,15,0,0
contig_3,CDS,hypothetical_protein,2378857,2379109,1,100.0%,100.0%,0.0%,1,1,0,59,8,0
contig_3,CDS,hypothetical_protein,2405691,2405907,1,0.0%,100.0%,0.0%,0,1,0,0,13,0
contig_3,CDS,hypothetical_protein,2499250,2499463,1,100.0%,0.0%,100.0%,1,0,1,62,0,109
contig_3,CDS,hypothetical_protein,2766685,2767000,1,100.0%,100.0%,0.0%,1,1,0,113,2,0
contig_3,CDS,hypothetical_protein,2838013,2838757,1,100.0%,0.0%,0.0%,1,0,0,6,0,0
contig_3,CDS,hypothetical_protein,2996997,2997099,1,100.0%,0.0%,0.0%,1,0,0,6,0,0
contig_3,CDS,hypothetical_protein,3018744,3018924,1,0.0%,100.0%,0.0%,0,1,0,0,4,0
contig_3,CDS,nicotinate_phosphoribosyltransferase,2301106,2302468,1,100.0%,0.0%,0.0%,1,0,0,43,0,0
contig_3,CDS,non-specific_serine/threonine_protein_kinase,1126384,1127386,1,100.0%,100.0%,0.0%,1,1,0,154,27,0
contig_3,CDS,phospholipase_C,2548522,2549416,1,100.0%,100.0%,0.0%,1,1,0,134,59,0
contig_3,cand_cluster,CDPS,2484341,2505049,20,100.0%,95.0%,100.0%,20,19,20,20503,62153,64755
contig_3,cand_cluster,NAPAA,2131888,2165848,27,100.0%,100.0%,96.3%,27,27,26,292941,30464,354116
contig_3,cand_cluster,NAPAA,2954115,2989372,33,90.9%,90.9%,84.8%,30,30,28,62332,25740,47428
contig_3,cand_cluster,NI-siderophore,782357,815041,24,95.8%,100.0%,91.7%,23,24,22,348090,235164,148972
contig_3,cand_cluster,NRPS,1693838,1736523,37,100.0%,100.0%,97.3%,37,37,36,77220,44917,85528
contig_3,cand_cluster,NRPS,1693838,1737379,38,100.0%,100.0%,97.4%,38,38,37,82545,47526,85612
contig_3,cand_cluster,NRPS-like,2621623,2664623,37,100.0%,100.0%,94.6%,37,37,35,128474,434951,561534
contig_3,cand_cluster,RRE-containing,3023621,3046876,15,100.0%,100.0%,80.0%,15,15,12,7970,3185,4133
contig_3,cand_cluster,T2PKS,1619137,1691662,66,98.5%,98.5%,84.8%,65,65,56,199406,130903,66857
contig_3,cand_cluster,atropopeptide,2852432,2873648,19,100.0%,94.7%,94.7%,19,18,18,42350,21195,117778
contig_3,cand_cluster,butyrolactone,2157562,2168483,10,100.0%,100.0%,80.0%,10,10,8,7011,2152,2125
contig_3,cand_cluster,hydrogen-cyanide,3016917,3030032,11,90.9%,90.9%,81.8%,10,10,9,1797,1562,2860
contig_3,cand_cluster,hydrogen-cyanide,3016917,3046876,22,95.5%,95.5%,77.3%,21,21,17,8865,4055,4954
contig_3,cand_cluster,lanthipeptide-class-i,1377913,1403167,27,77.8%,88.9%,74.1%,21,24,20,57137,97130,36428
contig_3,cand_cluster,lanthipeptide-class-iii,2636705,2659324,18,100.0%,100.0%,88.9%,18,18,16,104607,158955,141772
contig_3,cand_cluster,lanthipeptide-class-v,1610635,1652758,33,97.0%,97.0%,93.9%,32,32,31,101225,100516,79981
contig_3,cand_cluster,lanthipeptide-class-v,1610635,1691662,69,98.6%,98.6%,85.5%,68,68,59,247720,151575,93261
contig_3,cand_cluster,oligosaccharide,1662985,1689194,21,100.0%,100.0%,85.7%,21,21,18,17622,5737,1580
contig_3,cand_cluster,pyrrolidine,2118065,2150285,25,100.0%,100.0%,92.0%,25,25,23,57527,35366,392046
contig_3,cand_cluster,pyrrolidine,2118065,2168483,43,100.0%,100.0%,90.7%,43,43,39,304746,39321,400376
contig_3,cand_cluster,terpene,2614748,2664623,46,100.0%,100.0%,95.7%,46,46,44,131508,437311,564890
contig_3,protocluster,CDPS,2484341,2505049,20,100.0%,95.0%,100.0%,20,19,20,20503,62153,64755
contig_3,protocluster,NAPAA,2131888,2165848,27,100.0%,100.0%,96.3%,27,27,26,292941,30464,354116
contig_3,protocluster,NAPAA,2954115,2989372,33,90.9%,90.9%,84.8%,30,30,28,62332,25740,47428
contig_3,protocluster,NI-siderophore,782357,815041,24,95.8%,100.0%,91.7%,23,24,22,348090,235164,148972
contig_3,protocluster,NRPS,1693838,1736523,37,100.0%,100.0%,97.3%,37,37,36,77220,44917,85528
contig_3,protocluster,NRPS-like,2621623,2664623,37,100.0%,100.0%,94.6%,37,37,35,128474,434951,561534
contig_3,protocluster,RRE-containing,3023621,3046876,15,100.0%,100.0%,80.0%,15,15,12,7970,3185,4133
contig_3,protocluster,T2PKS,1619137,1691662,66,98.5%,98.5%,84.8%,65,65,56,199406,130903,66857
contig_3,protocluster,atropopeptide,2852432,2873648,19,100.0%,94.7%,94.7%,19,18,18,42350,21195,117778
contig_3,protocluster,butyrolactone,2157562,2168483,10,100.0%,100.0%,80.0%,10,10,8,7011,2152,2125
contig_3,protocluster,hydrogen-cyanide,3016917,3030032,11,90.9%,90.9%,81.8%,10,10,9,1797,1562,2860
contig_3,protocluster,lanthipeptide-class-i,1377913,1403167,27,77.8%,88.9%,74.1%,21,24,20,57137,97130,36428
contig_3,protocluster,lanthipeptide-class-iii,2636705,2659324,18,100.0%,100.0%,88.9%,18,18,16,104607,158955,141772
contig_3,protocluster,lanthipeptide-class-v,1610635,1652758,33,97.0%,97.0%,93.9%,32,32,31,101225,100516,79981
contig_3,protocluster,oligosaccharide,1662985,1689194,21,100.0%,100.0%,85.7%,21,21,18,17622,5737,1580
contig_3,protocluster,pyrrolidine,2118065,2150285,25,100.0%,100.0%,92.0%,25,25,23,57527,35366,392046
contig_3,region,CDPS,2484341,2505049,20,100.0%,95.0%,100.0%,20,19,20,20503,62153,64755
contig_3,region,NAPAA,2954115,2989372,33,90.9%,90.9%,84.8%,30,30,28,62332,25740,47428
contig_3,region,NI-siderophore,782357,815041,24,95.8%,100.0%,91.7%,23,24,22,348090,235164,148972
contig_3,region,NRPS,1693838,1737379,38,100.0%,100.0%,97.4%,38,38,37,82545,47526,85612
contig_3,region,atropopeptide,2852432,2873648,19,100.0%,94.7%,94.7%,19,18,18,42350,21195,117778
contig_3,region,hydrogen-cyanide,3016917,3046876,22,95.5%,95.5%,77.3%,21,21,17,8865,4055,4954
contig_3,region,lanthipeptide-class-i,1377913,1403167,27,77.8%,88.9%,74.1%,21,24,20,57137,97130,36428
contig_3,region,lanthipeptide-class-v,1610635,1691662,69,98.6%,98.6%,85.5%,68,68,59,247720,151575,93261
contig_3,region,pyrrolidine,2118065,2168483,43,100.0%,100.0%,90.7%,43,43,39,304746,39321,400376
contig_3,region,terpene,2614748,2664623,46,100.0%,100.0%,95.7%,46,46,44,131508,437311,564890
